thresh,training_accuracy,test_accuracy
0.5,0.5171200000000001,0.49029999999999996
0.7,0.51817,0.50345
0.9,0.62299,0.62452
0.97,0.6622800000000001,0.66588
